.	?	No	Stunt	a	about	as	big	company	deal	did	even	ever	first	in	it	like	make	place	politics	should	starting	talk	the	they	why
.	Seeing	in	lots	of	red	the	ticker
,	Hoping	ejaculate	in	luck	me	puss	to	tonight	warm	wet	wish
,	.	2	Confirmed	Its	a	been	by	for	have	it	just	let	like	months	mouth	not	of	probably	slowly	spread	this	trap	we	word
's	.	Bloomberg	It	a	copy/paste	from	terminal
,	Best	I	WSB	emails	for	has	me	of	regards	ruined	sub	think	this	whenever	write	“	”
%	,	.	10	15	25	35	5	?	Brkb	I	Ispy	Looking	Msci/Nvda	Qdte	Tltw	Upro	a	any	been	but	by	calls	do	doing	don	fees	for	good	heavy	how	ideas	it	less	myself	on	pretty	profile	return	risk	s	sell	similar	t	this	to	ve	want	with	’
China	USA	begging	call	them	to
Disgusting	tactics
GEO	WM
''	.	Google	I	``	dei	did	for	it	target	you
.	Shop	a	billionaire	like
?	Any	RVPH	on	thoughts
's	,	.	My	a	first	now	pilot	she	tarded	was	wife
?	Is	going	growers	rise	sundial	to	up
$	%	(	)	*	+	,	-	.	1	1,000,000	100	125,000	17th	2025	25K	2nd	30	33	35	4500	5	7500	:	ALL	American	Angeles-based	Artificial	BLNK	Based	Blazer	CEO	CHPT	CPO	Chargers	Charging	Chief	China	Compact	Cost	Costco	DOE	Debt	Discount	EBIDTA	EV	EVGO	EVgo	Equinox	Florida.	Ford	GM	Hertz	Honda	Insider	Intelligence	Jeep	June	L3	Last	Los	Low	Lower	Major	NACS	NOT	NYT	North	OEM	Officer	Peoples	Quarters	Rafalson	Rates	Recently	Record	Reduction	Renew	Republican-led	Revenue	Rivian	Rolling	SI	Sara	September	Standard	Stellantis	TESLA	Tariffs	Tesla	Texas	The	There	They	Toyota	US	USA	VP	Will	a	actually	adding	addition	affected	all	and	annually	anymore	are	article	as	at	backing	be	bear	before	best	big	biggest	built	business	buy	by	can	cap	case	cash	chargers	charging	cheap	combined	company	compete	compliant	connections	country	credit	customers	cut	demand	do	doubling	early	electric	end	ending	entire	entry	even	expand	expect	expecting	fast	firesale	for	forecast	from	getting	give	gives	globally	grow	growth	half	has	have	high	hired	if	implying	in	incentive	increasing	inevitable	infrastructure	interest	is	it	its	key	launch	leading	least	leaves	leg	like	likely	line	loan	many	massive	maximum	may	mentioned	models	month	more	multiple	must	names	need	new	next	no	not	now	of	off	offering	older	on	one	only	other	others	out	over	partners	partnership	parts	perfect	place	poised	positive	president	program	rapidly	rates	recharge	red	reserves	revenue	right	room	s	said	sales	same	secondary	see	seeing	shares	sideways	small	so	some	someone	soon	sooner	space	spike	squeeze	states	stations	straight	strong	take	talent	that	the	their	thesis	they	this	thus	time	timeline	to	together	took	trading	under	up	upgrade	vehicle	vehicles	vice	want	was	we	week	where	whereas	will	winter	with	year	you	’	“	”
;	?	I	Sorry	USD	X	a	but	chart	conversion	dumb	is	just	m	not	this	to	’
Pls	respond
,	.	2012	?	Goshdang	I	It	a	about	and	back	but	college	come	fine	got	important	in	kid	miss	or	pretty	say	something	suuuuuper	the	then	time	to	war	was	weird	went	when	whole	world	year
Cash
.	AI	China	I	These	admit	are	boomed	factory	good	got	memes	pretty	ta	they	this	time	us
And	plug
china	come	from	if	machine	parts	time	what
''	,	.	20	27	Button	Completely	I	Man	``	a	always	and	but	common	corrected	did	down	every	for	hatches	it	just	know	knowledge	life	like	me	my	n't	now	of	or	really	saying	see	somebody	something	that	the	thing	think	thought	time	unrelated	was	when	years
!	%	.	100	Truth	fact	hurts
!	(	)	Weekend	[	]	at	emote|t5_2th52|8883	img	is	ones	real	the	thread	where
#	(	)	-	:	Earmings	Financial	Market	MarketWatch	News	Stock	Stonkvest	[	\	]	catalyst	earnings	event	stockbuyvest.com
.	?	And	Market	Mr.	are	you
,	-	Yup	money
'm	?	Brazilian	I	Not	advice	change	financial	just	real	should	the	think	to	usd	what	you
The	steal
,	.	China	Chinese	GDP	To	US	a	around	be	consumer	degree	does	exports	fair	kinda	larger	make	much	of	on	other	portion	rely	s	than	the	to	up	way	’
$	350	chatter	heard	upto
#	$	&	(	)	,	.	/	;	IRDM	[	]	at	consolidating	currently	high	however	in	its	level	uptrend	x200B
#	%	&	's	(	)	+title	,	.	/	1	22	22Rate+My+Portfolio	3	3A	:	;	?	A	Art	Be	Buffet	Business	Check	Cycle	Fidelity	Finviz	Here	If	Investing	Investopedia	Losing	Please	Position	Public	Selling	The	To	Warren	We	Why	You	[	]	a	all	an	and	as	aware	basics	biases	book	broker	brokers	business	by	can	changes	check	companies	constructive	criticism	cycles	discuss	do	earnings	enlightening	every	falling	find	for	further	giving	global	have	help	here	highly	investing	investors	is	issues	it	learn	like	limit	links	list	many	market	months	n't	need	note	of	often	old	on	opportunity	or	orders	other	our	out	own	paper	portfolio	portfolios	posts	previous	price	quarterly	reading	rebalance	recommend	recommendations	relevant	report	restrict_sr=on	scanner	search	see	setup	since	so	some	sort=new	started	state	stickies	stock	stocks	t=all	take	the	their	then	this	thread	tickers	to	trading	updates	use	users	using	vs	websites	which	wiki	wiki_brokers_for_investing	wiki_is_there_a_way_to_practice.3F	wiki_relevant_posts.2C_books.2C_wiki_recommendations	wiki_relevant_websites.2Fapps	with	yet	you	your
!	Oh	gourd	my
Believe	and	calls	it	not	or	puts
%	're	's	*	,	.	3.81	30-year	4	8.50	:	DXY	February	He	Since	Some	U.S.	You	about	absolutely	actually	all	bond	bonds	by	down	dropped	every	front	has	have	increased	interest	it	losing	on	over	period	pushing	rates	right	said	same	the	yet
(	)	Daily	EOD	Shorts	Updated	[	]	by
My	first	thought
$	'm	(	)	,	-	.	250	40	500	60	70	?	A	BLGO	I	ICU	If	KULR	Nvidia	OPTT	Reddit	Should	Since	Thoughts	a	advice	and	any	are	bad	below	crypto	cuz	do	double	down	else	first	from	have	how	idea	if	im	in	invest	investing	is	kinda	like	lmk	lot	money	much	my	n't	now	of	on	or	partial	put	right	robinhood	see	should	some	something	spend	spending	start	stocks	the	there	think	thinking	this	time	tmmw	to	too	using	want	why	with	you	young
$	''	.	50k	New	Ok	``	almost	but	investing	port	there	to
(	)	,	.	AUUSI.SW	ETFs	Examples	I	Singapore	Swiss-domiciled	Switzerland	There	ZGLD.SW	ZSIL.SW	and	any	are	be	believe	but	contracts	countries	directly	expensive	funds	gold/silver	have	hold	in	intermediate	listed	many	most	of	only	physical	quite	should	similar	there	they	vaults	which	without
's	,	.	Already	BRICS	China	It	Trump	U.S.	USD	a	and	barrel	be	bull	cycle	debt	does	dollar	for	has	have	in	interesting	into	is	just	longer	natural	no	not	of	own	part	petro	place	process	reason	red	see	the	they	thrown	to	trade	underway	what	will	with
's	.	China	It	Same	act	an	are	did	everyone	issue	just	not	of	paper	show	showing	the	they	thing	white	with
.	?	If	Is	Note	Too	Trump	a	bring	clean	company	could	elect	energy	for	headwinds	here	is	it	long	profitable	promising	sector	that	the	time	will
%	''	'm	're	's	(	)	,	-	.	0	1	1/1/1	100	2	2045	3	4	5	5-10	80	98th	:	?	And	Are	Assuming	Could	Does	I	If	Just	Looking	RR	Some	Take	That	The	US	Unfortunately	What	When	Why	Would	Write	X	You	Your	``	a	adjust	advice	again	ago	albeit	allocation	also	an	and	any	apparently	are	argument	as	ask	at	based	be	because	better	brain	bud	but	buy	by	combined	common	companies	company	concentrated	conditions	confident	consulted	counterargument	country	couple	currently	day	days	deal	degree	did	difficult	discounting	do	drag	each	either	else	emotional	etc	even	every	everything	except	expensive	extreme	extremely	fact	family	far	feedback	feel	for	forget	freeze	friend	from	future	geographical	geographically	going	good	got	have	heavily	hell	help	highly	hire	hiring	hurt	idea	if	in	individual	international	internationally	internet	into	invest	investing	investments	investors	is	it	just	justifications	justifies	lesser	life	like	listening	lose	maintain	make	market	math	maybe	medium-term	member	mention	money	more	n't	need	negatively	never	new	no	noise	not	now	obligated	of	on	one	only	or	other	over	overvalued	own	past	people	percentile	picks	point	portfolio	possible	presumably	price	proud	prove	put	questions	rational	rationale	rationally	react	reaction	reasoning	reasons	receiving	recommendation	recommending	reddit	relevant	responses	rest	right	rise	savings	sector	see	seeking	sense	set	short/medium	simply	smart	so	some	someone	sound	source	south	standard	stock	stop	stranger	strategy	strong	strongest	temporary	term	territory	than	that	the	thesis	think	this	thorough	thread	to	today	too	trends	true	upon	very	wanted	was	weak	week-old	were	what	where	who	why	will	with	world	would	writing	year	you	your	yours	yourself
's	,	.	I	If	It	a	and	are	backtracking	bad	changes	course	demise	economic	far	fast	for	go	he	him	idea	it	on	our	own	people	realizes	really	rooting	slightly	so	terrible	think	this	to	we	with	worked
.	Good	It	america	as	morning	on	was	well
!	''	:	He	It	MAGA	``	be	it	must	said	true
,	?	Most	all	any	as	at	basis	be	but	causing	could	do	happening	have	in	is	it	just	know	of	point	really	selloff	speculation	that	the	this	time	to	trade	unwinding	way	we	why
!	.	Help	I	can	four	lying	of	t	take	years	’
,	.	?	Actually	American	It	So	Trump	Who	a	all	and	are	aren	at	attack	away	billions	but	calculated	did	do	dumb	every	friends	getting	got	his	intentionally	invest	is	just	know	let	lol	market	no	not	on	ones	people	person	playing	rich	robbed	s	shorted	single	smart	t	the	them	they	think	this	to	walked	we	when	with	you	’
41	:	Breaking	Mango	News	WrestleMania	Xi	a	at	cage	challenges	differences	match	settle	their	to
.	Worry	about	buddy	country	own	your
's	I	actually	feel	how	illegal	it	say	think	to
.	Elon	a	coin	doge	is	lot	tweeting
(	)	Markets	World	[	]	stockbuyvest.com
!	%	9000	Over
!	(	)	[	]	gif	giphy|3oz8xZGfHArTvh99YI
Carryover	for	indefinitely	life	of	taxpayer
100.027	?	What	dose	mean	the
.	An	Sun	Tzu	ashes	burn	evil	ground	his	man	nation	over	own	rule	the	to	will
.	2024	?	Any	Can	Just	above	afterwards	anything	anywhere	compliance	extension	find	in	it	lose	may	mentioned	of	on	seem	spring	t	the	they	to	traded	well	when	which	word	’
.	BYDDY	mark	my	words
,	.	And	China	I	If	The	a	about	actual	and	are	as	be	change	clarify	country	definitions	dictatorship	documents	doesn	frame	from	government	importantly	known	m	more	moving	of	on	re	reference	should	stating	t	talking	the	their	these	they	to	using	verbiage	want	way	we	what	words	works	’
''	,	.	If	Nothing	The	``	all	at	contracts	demanding	different	do	explodes	for	from	is	it	people	physical	shorting	silver	squeeze	start	the	their	to	with
,	.	Got	a	it	no	of	selloff	so	source	thanks
.	?	Should	Thank	hold	we	you
,	.	Carney	China	They	are	bonds	by	cashing	currency	do	eu	fine	is	jpn	later	mastermind	n't	saved	strengthen	stronger	the	their	til	to	uk	usd	vs	want	with
,	.	10Ks	DCFs	I	Im	Sometimes	a	affect	also	analysis	at	but	check	do	effective	etc	i	im	in	learning	look	might	mostly	my	need	news	not	other	peoples	perspectives	politics	portfolio	process	quarterly	read	reports	revisit	since	sometimes	time	to	tutorials	very	watch	which	with
.	Trump	already	blinked	has	once
,	/	3+	?	Word	new	on	price	street	target	the
,	?	Already	and	but	comes	do	done	em	how	it	like	n't	rebalanced	you
Joby
!	$	.	1	140	150	ask	crazy	credit	in	now	on	oz	premium	suisse	thats	was	wholesale	yesterday
's	it	no	not
''	're	's	,	.	I	It	No	``	against	allows	always	and	and/or	at	awesome	be	because	can	care	changing	did	do	doing	dumb	end	excuses	for	genius	hand	he	how	is	it	just	least	liberals	like	live	love	making	money	more	n't	never	not	of	proof	say	someone	still	stuff	the	them	they	this	through	to	trump	upper	vicariously	what	will	you
(	)	,	.	118	:	Bristol-Myers	Hospital	II	MPM	NIPU	Oslo	PFS	Sponsored	Squibb	The	This	UV1	Ultimovacs	University	a	after	alone	and	as	by	cancer	checkpoint	chemotherapy	clinically	combination	determine	doublet	efficacy	enrolled	evaluated	first-line	for	half	improvement	in	inhibitors	ipilimumab	is	leads	malignant	mesothelioma	multi-center	nivolumab	objective	of	on	patients	phase	platinum	pleural	primary	progression	progression-free	randomized	receiving	second-line	significant	standard	study	supported	survival	the	to	treatment	trial	universal	vaccine	whether	with
,	.	Local	Silver	There	being	buy	definitely	everywhere	facebook	going	hard	heavily	hobby	hyped	is	isnt	it	not	on	out	pushing	re	seems	shops	silver	sold	something	that	to	with
?	RDDt	What	average	on	price	s	your	’
accurately	be	can	dope	fires	forest	if	predict	that	these	they	would
$	DVAX
's	(	)	-	Investors	Russia	Swift	[	]	access	as	brace	cuts	for	more	off	the	to	volatility	west
(	)	Gappers	[	]	for	stockbuyvest.com	today
&	's	(	)	,	.	A	Conversely	Corn	Crude	Euro	Futures	Gas	Gold	However	Natural	Oil	P	S	SPY	The	[	]	a	about	accurate	activity	always	an	and	as	can	decline	depends	direction	does	expect	expectations	factors	future	futures	generally	higher	how	important	in	indicate	indicates	indication	indicators	influence	investor	investors	is	it	look	lower	many	market	may	not	note	of	on	one	only	optimism	pessimism	predict	price	rise	see	sentiment	stock	stockbuyvest.com	suggest	suggesting	that	the	to	today	used	various
!	%	,	.	10	1k	20	22	30	5	7k	?	acct	advantage	all	allocating	also	an	and	any	beginner	bit	brokerage	by	currently	fitlx	following	for	fsggx	fxaix	help	hopefully	i	in	individual	invest	ira	it	long	looking	love	lump	m	market	money	my	no	now	of	on	one	or	plan	please	qqqm	roth	schd	should	sum	take	term	that	the	thoughts	tips	to	too	tysm	usa	vti	w/	wild	would	y/o	’
,	Trading	firms	market	reacts	retail	set	the
.	Stocks	and	as	at	ath	giga	high	like	rapid	spike	t	the	then	wasn	were	’
&	.	..	P	S	The	Thing	also	around	begging	bond	bouncing	call	for	is	market	than	that	the	worse
&	(	)	,	.	Analysis	SMA	Stock	Stocks	Updated	Uptrend	[	]	already	an	established	from	ft=2	generated	geo_usa	ind_stocksonly	just	list	o=-pb	on	sh_avgvol_o2000	sh_curvol_o5000	sh_instown_o50	sh_relvol_o1	started	stockbuyvest.com	ta_rsi_nob60	ta_sma200_pa	ta_sma20_sa50	ta_sma50_sa200	technical	uptrend	weekly
Happening	now
Moar
's	,	.	:	Let	Mango	be	club	from	insider	it	nuke	only	space	sure	the	to	trading	way
Add	MIK
,	.	If	a	be	can	for	from	grace	it	may	office	removed	republicans	saving	the	while
Buy	a	bro	car	cool
(	)	-	ATS	FINRA	This	Updated	Weekly	[	]	data	from	is
,	And	and	are	bans	bumping	chest	currently	deporting	firing	high	judges	of	over	r/conservative	school	sports	stories	students	trans	‍‍‍
#	'M	's	5:30	BORED	I	It	SO	and	only
.	1-2	15	It	JIT	The	ability	amass	and	away	be	companies	extremely	from	has	how	interesting	into	inventory	is	large	limited	ll	most	moved	of	past	see	shipping	stockpile	the	to	warehousing	when	years	’
,	.	?	I	Lmao	Silver	Thought	WSB	a	about	be	excited	for	fund	happen	hedge	in	is	it	just	lot	nonsense	not	of	paranoid	people	sec	there	this	to	trap	was	what	with
%	,	20211209|PPSI|6026762|296895|12855584|B	46	Date|Symbol|ShortVolume|ShortExemptVolume|TotalVolume|Market	N	Q	shorted
,	.	?	How	It	Who	all	before	cares	day	did	he	lose	month	much	on	paper	s	the	week	’
?	Wasn	delta	t	that	’
I	Warm	mean	regards	retards
(	)	,	COT	EOW	Highlights	Report	Summarized	Summary	[	]	be	updated	weekly	with
,	...	Clint	Donald	Eastwood	Jones	Lee	My	Sutherland	Tommy	and	at	description	first	guy	in	last	mind	that	this	to	went
?	So	after	day	expecting	fall	go	on	or	tax	things	to	up	wait	your
.	I	existed	forgot	they
?	Why	all	can	day	golf	he	just	long	play	t	’
.	Grocers	There	a	be	between	breakdown	might	necessities	purchases	recreation	see	spike	vs	will
?	AOC	El	I	Salvador	deporting	distract	economic	is	kind	of	people	plan	set	the	think	to	up	with	yoyo
'll	've	,	.	China	Costco	DEI	I	Target	Virtually	We	a	affected	afford	always	among	anyway	at	be	been	but	by	can	circle	commitment	day	even	everybody	for	hardcore	has	in	interesting	it	kick	killing	long	much	my	n't	once	phony	program	see	shop	shoppers	shopping	so	still	stopped	stung	sucked	tariffs	the	their	there	they	those	thought	time	tinyhands	to	up	us	want	was	who
's	(	)	,	.	If	In	Kwarteng	Kwasi	Liz	Truss	UK	USA	We	a	all	and	but	by	deep	derailed	enough	from	goes	had	help	her	in	intentionally	is	it	learn	left	like	next	no	no-one	on	out	perfect	plan	plays	politicians	radical	remove	same	saying	scale	sense	smaller	something	state	step	steps	that	the	then	there	this	to	up	was	way	we	where	with
'll	'm	've	.	10+	2	Do	Drive	I	Scale	Switch	a	and	another	anymore	at	back	before	but	car	cooking	debt	doing	dramatically	employed	enjoy	even	far	for	getting	hard	have	home	improvement	increased	is	job	last	less	losing	me	more	my	n't	no	of	plans	potential	rather	risk	saving	shift	shifted	so	takeout	than	there	this	times	to	up	want	well	what	with	work	year	years
#	&	(	)	,	/	;	[	]	for	news	now	sideways	waiting	x200B
''	.	/	5000	Looks	``	for	gyina	hook	is	let	like	off	phone	ready	ring	the	to	years
#	(	)	*	,	.	/u/Local-Wall-4359	0	3	5	522.186	540.0	Ban	Bet	Discord	Join	Lost	SPY	Their	WSB	[	]	a	and	banned	bet	did	for	go	hours	is	it	losses	made	not	now	record	so	that	they	to	was	week	were	when	wins	within	would
.	10	We	Wendy	all	also	an	at	behind	can	dumpster	eat	for	frostys	handy	hiring	hour	re	s	the	you	’
#	$	&	's	(	)	.	/	;	GE	Here	[	]	chart	daily	drone	news	on	rose	the	today	x200B
.	after	amc	day	fsr	hrs	it	today	was
.	77	Clearly	are	million	ok	people	this	with
!	's	,	.	/s	American	If	That	The	US	a	and	are	betrayed	citizens	completely	do	dumbass	has	here	its	leadership	like	marvel	movies	n't	nipple	of	propaganda	quick	sucking	the	trump	uneducated	watching	you
%	.	6969	or	riot	tariffs
.	Or	Target	Walmart	are	at	broken	carts	deal	smooth	the	with
#	&	(	)	/	14	;	[	]	dec.	drop	falling	on	still	x200B
'm	.	/	:	Also	China	I	We	about	amazed	and	are	by	embargoing	is	kind	military	minerals	needed	no	of	one	sectors	strategic	talking	tech	this	your
$	-	.	1M	25bps	90k	>	Fellas	I	cuts	fed	if	it	just	might	port	rates	the
?	HIVE	What	do	of	think	you
.	?	Can	This	Trump	Xi	a	adult	an	and	between	contest	get	in	is	like	pissing	please	room	the	we
Same
.	Pelosi	and	did	others	same	several	the	thing
's	Razor	Trump	a	become	common	needs	term	that	to
?	Who	created	first	in	place	refugees	the	those	though
!	(	)	.	All	BEAUTIFUL	I	Saving	an	and	are	as	bullets	but	buying	cash	fashioned	groceries	much	my	now	old	possible	term	wife
,	.	My	Right	The	US	USD	a	all	and	are	because	bonds	decline	does	down	go	healthy	higher	in	indicate	investment	investors	is	lower	market	money	moving	now	safer	seems	stock	stocks	the	then	to	understanding	was	when	which	yields
10YR	?	Is	a	go	in	mornings	reason	seems	the	there	to	vertical	why
.	be	can	serious	t	unexpected	you	‘	’
*	One	TARGET	a	boycott	might	of	off	say	sunglasses	takes	they	were
%	+	0	5	66	?	TME	after	again	and	can	explain	hours	how	later	me	minutes	price	rises	share	someone	the	to
,	.	1945	And	China	Free	Greenland	Hawaii	Iraq	Israel	MIC	Panama	Ukraine	Vietnam	Who	Yeah	a	and	annex	arming	as	better	by	currently	entire	for	genocides	invaded	late	lie	minerals	nation	native	out	over	root	starvation	supported	that	them	threaten	to	wipe
$	''	's	(	)	*	,	.	1.50	BBQ	Greatest	I	She	Speak	Their	``	a	am	and	anime	are	being	betrayals	by	chips	convenient	every	few	for	good	harder	is	it	level	like	my	now	on	pissed	pop	potato	real	still	than	them	then	there	things	when	wife	yourself
(	)	,	.	His	am	and	cyrpto	everything	guitars	i	naming	not	proved	sneakers	that
's	,	.	ARHS	Christmas	Furniture	I	Industries	So	United	ago	be	because	closed	days	down	for	furniture	gon	good	just	na	really	selling	the	think	this	two	who	will
's	.	Wendy	What	are	call	gon	gone	is	it	na	we	when
.	?	Chinese	Does	I	Let	Trump	but	drops	have	hear	is	it	late	my	or	others	resolve	s	say	situation	tariffs	that	the	thoughts	to	too	want	’
.	Hes	J	Powell	Probably	a	ass	because	does	few	games	isnt	kiss	level	mad	n't	now	of	on	one	people	play	sycophant	that	the	who	whos	working
#	$	&	(	)	,	;	BTCUSD	Cap	Charts	Coinbase	Cryptocurrency	Daily	ETHUSD	Highlights	JASMYUSD	Market	PEPEUSD	Prices	Trends	[	]	and	x200B	|
Maybe	ass	his	kiss	should	trump
!	(	)	,	I	[	]	am	cooked	did	emote|t5_2th52|31225	emote|t5_2th52|4260	img	over	puts	the	weekend
$	UAA
.	..	Hah	belong	here	you
'd	.	500	?	Can	How	I	Is	a	call	do	gamble	hell	like	magnitude	magnitudes	on	or	order	please	put	that	the	you
.	Tangerine	Twat	absolute	favourite	is	my
.	?	Emoluments	What	clause	is	lol	that
Fairly
(	)	/	[	]
,	.	>	Court	Donald	Fed	LMAO	President	Supreme	That	Trump	US	a	agencies	and	asked	assert	at	caved	citing	executive	explains	federal	fire	has	him	independent	let	need	officials	over	pivoted	power	regulators	the	to	today	top	two	why
Both	and	are	bear	bull	fight	giving	not	the	up
!	're	's	.	Bagging	Inc.	Labrador	MegaWatt	Mineral	Resources	about	and	expansion	funds	growth	making	moves	raising	resource	serious	shows	they
,	I	Like	Walmart	avoid	go	have	others	people	said	target	to
.	If	a	and	costs	could	even	higher	if	increase	it	just	media	not	number	numbers	profit	s	sales	show	t	the	then	twist	wouldn	’
$	%	(	)	/	ARKB	BIGG	BITB	BITF	BRRR	BTBT	BTCM	BTCO	BTCQ	Bitcoin	CAN	CIFR	COIN	DEFI	DMGI	ETFs	EZBC	FBTC	GBTC	GLXY	GREE	HIVE	HODL	HUT	IBIT	MARA	Mining	RIOT	SQ	WULF	[	]	stockbuyvest.com
#	(	)	Gainers	Invest	Premarket	Stock	Today	[	\	]	for	futures	market	premarket	stockbuyvest.com
They	bonds	going	our	re	selling	start	to	treasury	’
?	Are	allowing	as	cock	now	one	similar	the	to	we	well
8	Call	cash	gee	jay	meow	seven	went	worth
!	#	$	&	,	.	1	15M	;	?	Anything	Anyway	BMW	CRML	Corp	Critical	Currently	DD	Europe	Figured	Hey	I	Including	It	Metals	MoU	Nasdaq	So	They	Time	USD	a	able	aiming	all	also	an	and	any	anyone	appreciated	are	battery	be	been	before	being	bell	but	called	chain	companies	company	could	d	done	em	fast	first	for	get	going	good	guys	had	happen	has	have	if	in	insights	integrated	into	is	just	last	lithium	little	lmao	lmk	local	look	make	mining	miss	more	my	nature	nice	of	on	or	other	paced	payment…	pool	post	pre	production	rang	re	s	see	seen	sense	some	supplier	supply	the	their	them	they	this	ticker	to	turn	under	vacation	ve	watchlist/looking	well	which	while	with	work	x200B	zone	’
?	What	can	even	purchase	site	stock	this	you
10	_so	consecutive	far_	weeks
Aladeen	It	is
Chicken	jockey
*	,	.	:	Art	I	In	So	Sun	The	Tzu	War	a	after	battle	be	become	been	described	has	if	in	of	only	scenario	seeks	strategist	surprised	t	the	viable	victorious	victory	war	what	won	would	wouldn	wrote	yes	you	’	“	”
.	2	Be	Create	Hype	LMAO	Make	Talk	Then	a	about	act	after	all	and	day	days	drop	few	for	happened	holiday	it	like	mango	months	never	new	nonstop	on	presentation	that	up
(	)	Daily	EOD	Shorts	Updated	[	]	by
#	$	%	(	)	*	,	-	.	/	1	1-day	11.65	2	2017	3.08	4.8	5.25	5.58	5.97	9	:	Bitcoin—following	CEO	CNBC	Canada	China	Chinese	Cohen	Dollar	EV	Earnings	Family	Financial	GameStop	H20	IBD	If	Investors	It	June	Market	MicroStrategy	Nintendo	Nvidia	Rumors	Ryan	Sherwood	Some	Stock	Switch	Tesla	The	Times	To	Tree	U.S.	Yahoo	[	]	a	adding	adjust	after	and	announced	are	as	at	auto	avoid	banned	be	because	big	bigger	billion	brand	broader	but	buying	cash	center	chain	change	chip	chips	close	closed	come	company	compete	comply	console	core	cost	could	criteria	cut	data	decade	designed	discount	don	early	energy-efficiency	evening	every	expecting	export	firms	first	fit	flying	footsteps	for	from	froze	full	future	game	get	happen	hugely	in	inbox	incentive	into	investors	is	it	its	knows	latest	launch	like	local	losers	losses	make	market	matters	may	meet	might	millions	more	move	nearly	never	new	newsletter	next	of	off	on	out	players	pressure	programs	putting	quite	rebates	refocus	regulators	released	relieved	report	reports	reserve	retail	retailer	reveal	revive	right	rules	s	sales	say	scoop	sector	see	seem	selling	shut	soon	standards	struggled	struggling	subscribe	successful	t	tariffs	tech	that	the	this	to	today	updated	urging	version	video	want	week	were	what	winners	with	worse	you	your	’
&	's	(	)	,	.	A	Conversely	Corn	Crude	Euro	Futures	Gas	Gold	However	Natural	Oil	P	S	SPY	The	[	]	a	about	accurate	activity	always	an	and	as	can	decline	depends	direction	does	expect	expectations	factors	future	futures	generally	higher	how	important	in	indicate	indicates	indication	indicators	influence	investor	investors	is	it	look	lower	many	market	may	not	note	of	on	one	only	optimism	pessimism	predict	price	rise	see	sentiment	stock	stockbuyvest.com	suggest	suggesting	that	the	to	today	used	various
,	.	Americans	I	It	U.S.	about	agree	and	but	can	change	countries	going	he	health	instantly	is	it	just	like	manufacturing	medical	move	not	of	or	other	out	quickly	risks	s	the	this	to	today	way	you	’
,	.	1	2025	3.4675	55.145	April	China	Group	HKD	Hongqiao	Limited	Recently.On	Repurchase	Share	Significant	million	repurchase	shares	spent	to
!	&	'm	're	's	(	)	*	,	.	..	:	Anduril	As	BUT	Big	Conclusion	D	DoD	DonJr	Heck	Hence	I	IP	IPO	It	Looks	MBA	NDAA	OP	R	RCAT	UMUS	US	[	]	a	advertisements	aka	and	better	bigger	buy	ca	capital	chasing	companies	company	compliance	contracts	corp	cough	couple	decent	emote|t5_2th52|4267	enter	equipment	etc	flag	for	good	growth	have	holding	holdings	if	img	in	industry	is	like	may	meaning	mgmt	momentum	n't	need	niche	no	nor	of	on	owned	plan	red	riding	scaling	sell	selling	shilling	stuff	successes	team	that	the	their	them	they	this	to	update	website	what	you
%	-4	Bro	a	after	buy	day	puts	u	y	yesterday
.	Held	are	egg	futures	long	my	now	onto	poultry	they	too
!	En	Passant
're	,	They	about	anymore	does	doing	it	n't	r/conservative	simply	so	talk	well
.	BlackRock	This	are	but	feel	i	is	like	my	of	opinion	right	standard	they
'm	's	(	)	,	.	Aquafina	But	Curiosity	Dasani	Flow	Hey	I	If	Live	Nation	PR	She	So	Sometimes	TSX	To	a	able	all	and	any	are	as	be	because	better	big	bonus	box	but	called	cardboard	company	concluded	cost	definitely	different	drinker	drinking	eating	environment	environmentally	expensive	for	found	friendly	fun	gents	get	girl	going	good	got	grocery	guys	habits	had	haha	has	haven	her	honest	hooked	i	if	increases	into	it	items	just	kept	know	let	little	looked	looking	lot	make	making	massive	me	money	more	most	my	new	not	obscure	of	on	or	other	out	packed	partnership	pick	picking	price	publicly	really	recent	recently	revenue	s	saw	seeing	she	should	so	some	something	sorts	started	store	stuff	t	tasted	than	thanks	that	the	their	they	things	think	this	to	told	ton	traded	traditional	try	unique	up	vs	want	was	water	we	well	were	with	you	’
.	?	Then	USA	You	arms	coming	crying	deals	didnt	everyone	is	make	no	sense	they	to	want	why	with
.	Aged	Powell	Remember	Yeah…	a	about	and	asked	at	he	law	like	meeting	milk	not	permitted	press	question	replied	that	the	this	under	was	when	“	”
99.45	Oooooffff	now	right
a	be	company	private	will
$	?	Is	KHC	a	bottom	catalyst	double	for	good	inflation	is	stock	this
!	AVCT	a	chance	get	if	you
(	)	Social	Top	[	]	media	on	social	stock	stockbuyvest.com	tickers	trending
(	)	-	ATS	FINRA	This	Updated	Weekly	[	]	data	from	is
,	?	I	If	Is	SPAXX	an	any	are	at	can	cash	closely	example	for	get	have	heading	idea	in	indicator	look	most	of	sitting	there	those	tied	to	what	where	yields
!	,	Cause	consumer	depression	protection	remove
're	)	,	;	DD	You	always	but	do	own	please	welcome	your
$	'	'll	'panic	're	's	,	-	.	...	?	China	Defaulting	Foreign	He	How	If	Ironically	Japan	The	They	Too	Trump	UK	US	Unless	With	a	about	all	already	and	anticipate	at	avoid	bang	been	best	biggest	blinks	calculus	can	capable	card	co-ordinate	collapse	cost	could	crash	debt	decision	do	dumbassery	end	even	everything	exit	for	go	has	have	himself	his	holders	how	in	interests	is	it	late	least	long	lucky	made	market	massive	much	now	of	on	one	or	prevent	sells	shit	slow	so	solutions	someone	spooking	that	the	their	themselves	they	this	to	too	treasuries	trigger	turns	unwind	want	when	whimper	wild	will	worse	you
2025	US	Yup	a	as	currency	dollar	from	having	it	military	promote	protect	requires	the	to	us	use	with	world
.	Friday	How	beyond	is	me	pumped	this
!	Yes
,	.	HODL	If	a	are	can	few	for	gme	good	high	is	never	only	profit	sell	short	some	squeeze	then	to	too	want	way	you
I	bought	just	metal	more	physical
&	(	)	,	Analyst	Downgrades	Nasdaq	Recommendations	Stock	Upgrades	[	]	|
?	How	buy	cryptos	do	new	yall
2028	?	Belichick
/	The	bond	market
.	10	90	Powell	This	Trump	Yields	and	announced	before	crashing	going	he	his	interest	lower	markets	means	morning	on	pants	probably	rates	refusing	reprieve	shitting	spiking	the	to	treasuries	truly	was	were	what	with	year	yesterday
(	)	Popping	Stocks	[	]	are	stockbuyvest.com	that	today	trending	up
.	Looking	advice	analysts	and	follow	for	influencers	on	to
#	$	&	(	)	,	;	BTCUSD	Cap	Charts	Coinbase	Cryptocurrency	Daily	ETHUSD	Highlights	JASMYUSD	Market	PEPEUSD	Prices	Trends	[	]	and	x200B	|
,	.	The	but	do	is	know	more	much	n't	paper	people	physical	plentiful	silver	than	that	thing
.	ChatGPT	I	a	accelerate	ago	all	and	asked	book	comply	could	do	else	even	everything	for	happening	help	hypothetical	issues	list	month	of	out	refused	said	that	this	to	typed	was	what	when
(	)	,	COT	EOW	Highlights	Report	Summarized	Summary	[	]	be	updated	weekly	with
#	&	(	)	,	;	IPOS	IPOs	New	Performance	[	]	of	x200B
?	What	are	buying	calls	on	you
!	$	're	(	)	,	.	...	2.0	ASAP	BNZI	Banzai	Cisco	Economist	From	Hey	I	If	Inc.	International	Reach	Supposedly	The	a	aimed	an	analytics	and	anyone	are	article	at	attendance	bros	called	campaign	cause	companies	company	easier	enhanced	even	features	for	found	get	guys	has	improving	in	including	info	insights	interface	into	introduced	is	just	like	lmk	love	management	market	marketing	more	new	news	notable	of	on	or	performance	platform	product	read	recent	recently	redesigned	saw	several	share	some	space	strategies	targeted	technology	that	the	their	these	they	this	through	to	tracking	update	updated	user	users	version	wanted	webinar	what	who	would
?	Crayola	What	favorite	flavor	of	s	your	’
(	)	/	21	EMA	FANS	Just	Let	[	]	climb	confirm	cross	is	line	purple	started	the	to	uptrend
.	I	been	into	looking	them	ve	’
,	ok	thanks
'll	I	be	for	how	interested	ngl	out	plays	see	them	this	to
AAPL
''	?	We	``	who
's	.	Let	That	a	bull	executed	holds	if	it	masterfully	see	trap	up	was
,	.	Call	I	If	Trump	and	better	call	day	desperation	em	expose	for	his	it	make	my	no	other	reason	record	say	than	to
(	)	-	ATS	FINRA	This	Updated	Weekly	[	]	data	from	is
Art	Deal	of	the
(	)	,	.	10-50	15	20	ADP	Apple	Ha	I	TSLA	That	across	advice	and	are	between	but	distributed	for	ha	have	hold	in	long	looking	m	majority	much	my	nothing	number	of	others	s	shares	short	small	some	still	stocks	term	terms	there	to	where	’
,	.	:	;	And	Animal	Arms	Basket	Because	Benjamin	Breast	Cats	Deficiency	Enjoyment	Face	Fluids	Franklin	Girdle	He	Improvement.	Knack	Muscles	Neck	Part	Parts	Pleasure	Practice	So	The	Woman	Women	a	about	above	all	an	and	appears	are	as	at	banging	being	below	benefits	by	capable	continuing	corporal	covering	dark	did	equal	ever	every	fill	first	freaky	frequently	from	grey	grows	highest	impossible	in	is	it	know	ladies	lank	last	least	letters	literally	lower	of	old	one	only	plump	regarding2	some	superior	that	the	then	to	two	upright	walks	what	with	wrinkled	write	young	—	“	”
!	,	10k	Easily	I	a	all	and	are	beauty	been	bowl	buy	clothes	did	grocery	have	home	know	me	missing	my	n't	products	shopping	since	spend	super	the	there	they	too	weekly	year
&	's	(	)	,	.	A	Conversely	Corn	Crude	Euro	Futures	Gas	Gold	However	Natural	Oil	P	S	SPY	The	[	]	a	about	accurate	activity	always	an	and	as	can	decline	depends	direction	does	expect	expectations	factors	future	futures	generally	higher	how	important	in	indicate	indicates	indication	indicators	influence	investor	investors	is	it	look	lower	many	market	may	not	note	of	on	one	only	optimism	pessimism	predict	price	rise	see	sentiment	stock	stockbuyvest.com	suggest	suggesting	that	the	to	today	used	various
,	America	Jerome	defence	falls	he	if	is	last	line	of	the
Reddit	Removed	[	]	by
..	?	Newbie	a	acquisition	agreement	definitive	for	here	is	stick	stock	what
?	Does	Nobody	Who	anything	do	g	gon	here	in	is	it	matter	na
(	)	,	.	01378.HK	1	12.64	2025	8	9	April	China	Group	HKD	Hongqiao	Limited	On	a	announced	at	cost	it	million	of	on	per	price	repurchase	repurchased	share	shares	that	with
!	#	&	''	's	*	,	.	2	:	;	?	Capital	Create	Deep	Equities	Finance	First	For	Gain	Good	I	Investors	Is	Morning	Non-Degenerated	Portfolios	Share	Stay	The	Value	``	a	about	am	and	as	ask	been	call	community	couple	different	dividend	during	equities	example	friends	group	have	high	ideas	in	interested	investors	is	king	knowing	last	like	little	lot	lots	months	my	of	on	one	plans	portfolio	portfolios	positive	project	researches	safe	second	small	someone	student	studies	that	the	to	were	with	work	working	would	x200B	yield	you	young
.	?	Chinese	Oh	US	Wonder	against….don	censorship	citizens	damn	either	happen	happened	if	internet	mind	non	on	out	spoke	t	that	the	they	to	usage	what	would	’
,	.	:	AND	Blackrock	Counter	DJT	Democrat	Dude	Elon	For	RFKjr	Trump	Tulsi	a	all	already	and	argument	before	bought	could	directly	election	funds	have	he	helped	his	in	indirectly	know	many	millions	more	of	or	shares	so	switch	switched	the	they	was	we	“	”
=/=	SLV	physical	silver
,	.	Harris	Have	I	Yes	a	above	and	anymore	as	charge	circles	conversation	day	didn	even	for	going	good	happily	in	is	looking	m	man	much	not	re	responding	said	sexist	swell	t	that	this	to	very	vote	voted	want	wanted	woman	you	’	“	”
$	(	)	AMC	CVNA	GME	INTC	NVDA	Threshold	[	]	stockbuyvest.com
?	So	dip	for	the	wait
%	're	,	.	10-year	4.456	6	>	?	Asia	Can	Donald	Friday	It	President	The	Treasury	Treasurys	Trump	U.S.	Wednesday	a	administration	and	as	avoid	basis	bond	both	but	by	climbed	countries	debt	drive	explain	faced	feels	forcing	halted	has	have	heading	helped	hours	how	impact	in	issue	its	like	me	morning	most	new	on	pause	points	policies	rally	reprieve	resumed	resuming	rethink	rise	s	same	seen	sell-off	sharp	since	situation	slide	someone	stocks	strategy	tariff	tariffs	the	this	to	towards	triggered	waned	we	week	were	will	with	yield	yields	’
Thanks	during	for	laugh	the	these	times
.	All	Red	for	masses	pill	propaganda	the
.	?	Bond	But	Everyone	What	about	are	bond	earlier	everyone	for	had	is	lower	market	rates	still	talking	than	the	they	this	year
$	,	.	1	4M	600k	Geert	It	LEAPS	Multikine	They	a	almost	and	approved	assuming	base	before	can	cash	certainly	comes	dependent	dilution	even	failing	for	funding	gets	gotten	hasn	have	in	it	market	massive	money	not	of	on	out	pay	phase	preclinical	product	ridiculous	run	s	salary	study	t	ten	the	through	to	was	will	without	years	’
!	.	4	47	I	RemindMe	So	Super	a	comment	curious	delete	do	going	if	in	ll	m	months	re	this	to	when	wrong	years	you	’
.	US	allies	currently	has	no
That	chart	is	not	shows	this	what
Irl	always	banned	could	getting	retarded	say	without	you
!	(	)	2025.	2nd	?	I	It	January	Thinking	about	an	and	cashing	did	first	i	in	lady	m	my	old	out	passport	renewing	the	thing	was	’	“
%	'm	(	)	,	.	..	125	90	China	DCAing	I	Still	a	about	am	at	but	cash	does	dramatic	far	few	from	guess	hardly	if	is	look	market	months	n't	news	now	of	or	reaction	reading	retaliatory	right	should	so	stage	start	tariffs	the	this	undecided	wait
.	Found	killjoy	the
(	)	Daily	EOD	Shorts	Updated	[	]	by
(	)	*	--	/	10	208	3	:	Account	Age	Best	Comments	DD	Discord	First	In	Join	Previous	Report	Seen	Submissions	Total	User	WSB	[	]	ago	x	years	|
,	.	Especially	Yeah	are	cash	have	if	is	issue	leveraged	need	people	sell	the	they	to	will
9	?	Are	European	about	any	for	hours	in	investing	market	of	opens	stocks	the	when	you
Airline	They	meant	the
AERC	any	could	day	float	low	now	rip	super
They	card	confident	have	play	r	superior	that	the	they	to
?	Is	anything	get	into	there	to	tomorrow
$	15	20	RBDX	Rocky8888	Twitter	a	according	be	call	every	except	few	follow	has	her	made	on	right	she	to	were	will
.	3	Germany	Hopefully	I	applying	can	in	jobs	started	stay	there	to	years
.	C.R.E.A.M	Especially
$	(	)	AMC	CVNA	GME	INTC	NVDA	Threshold	[	]	stockbuyvest.com
#	&	;	x200B
?	Any	buy	for	keep	look	next	on	or	out	recommended	stocks	the	to	week
CGC
Dog	didn	do	have	him	like	t	that	to	you	’
!	Got	it
's	It	a	eerie	hearing	it	like	rally	really	reddit	talk	them
.	2	?	I	Jaime	Where	ago	am	an	days	diamond	exactly	in	interview	like	said	this	wrong
.	?	Screw	Who	cares	em	‘
.	One	billion	fafillion	gagillion	percent	shabadabalo	shabadamillion	shabaling	shabalomillion
's	..	I	Money	NFL	against	all	are	bets	college	football	for	fuck	hard	in	is	learned	money	off	other	paychecks	people	players	playing	pride	the	their	war	way	wit	you
?	Chinese	do	does	green	have	tariffs	to	what	with
.	All	acts	and	appointed	elected	from	go	official	officials	performing	proceeds	public	should	the	those	to	treasury
'm	,	.	...	100x	Biden	Fauci	Hunter	I	Obama	about	all	and	are	conspiracy	coworkers	did	going	have	how	into	involving	is	listen	my	on	talk	theories	things	to	way	work	worse
!	%	,	-10	.	10	2	95	?	I	What	Yea	and	are	before	beginning	days	denial	don	down	expecting	extra	in	keep	know	last	more	of	past	people	re	saying	since	t	than	the	we	week	why	year	’
?	Is	What	is	legit	net	this	worth	your
?	Why	million	not	one	percent	stop	there
.	MAGA	The	a	and	aptitude	assumption	capability	is	learn	lesson	possesses	statement	such	that	the	to	underlying	your
?	Hold	Tesla
(	)	Popping	Stocks	[	]	are	stockbuyvest.com	that	today	trending	up
It	chyyyynnnnnaaaaA	s	’
''	's	,	.	As	I	It	Reddit	``	a	always	boomer	comments	etfs	get	investment	it	laughable	media	mentioned	negative	on	owns	person	pin	silver	squeeze	such	that	think	to	try	whenever	who	would
,	.	?	Can	Is	US	because	build	explain	factories	he	in	investment	it	lower	of	rates	so	someone	spur	tariffs	the	thr	to	wants	why
(	)	-	ATS	FINRA	This	Updated	Weekly	[	]	data	from	is
!	''	's	,	.	America	American	DCAing	I	It	Leader	MAGA	Regardless	The	There	``	accept	advise	and	another	anything	are	criticizing	cult	dangerous	does	dreams	entirely	few	government	guy	heads	hear	hold	hopes	in	is	keep	like	literally	losing	lower	money	more	most	of	one	part	patriotic	people	power	president	process	saying	straight	supplicate	talk	talking	tell	than	that	the	their	thing	things	this	to	trust	up	values	who	willingness
's	*	,	.	American	And	I	That	Yet	a	bad	big	deal	deserve	deserved	did	does	fault	happen	him	idiots	if	in	is	it	mean	my	n't	not	of	rest	that	the	this	voted	was	world	you
!	'd	's	(	)	,	.	18	2024	:	America	American	As	CEO	China	EV	Economist	Figured	Graphite	Heres	Hey	Hugues	I	Intelligence	It	Jacquemin	Jan	Matt	North	Northern	Sherwood	The	Unit	[	]	a	about	also	and	anyone	as	automakers	battery	be	controls	current	demand	discussing	doing	drop	else	especially	event	export	found	from	going	graphite	growing	guys	happening	here	if	impacts	importance	in	includes	industry	interested	is	it	link	manufacturers	market	mining	of	on	online	or	over	player	primed	producer	research	seems	significant	sole	some	state	strategy	talking	that	the	their	this	to	was	well	will	with
#	$	&	(	)	,	;	BTCUSD	Cap	Charts	Coinbase	Cryptocurrency	Daily	ETHUSD	Highlights	JASMYUSD	Market	PEPEUSD	Prices	Trends	[	]	and	x200B	|
,	Solid	chart	companies	into	not	product	the	too
're	,	.	Crazy	Reddit	Stop	Trump	Yes	a	actual	all	and	are	at	be	better	but	by	could	do	drinking	dumb	everyone	figure	for	headlines	him	how	if	intention-less	just	know	kool-aid	leaning	left	look	makes	me	mostly	news	not	nothing	numbers	of	on	people	revered	sensational	sense	sides	site	sudden	switch	than	the	them	they	this	to	voted	who
?	How	Trump	US	and	assets	before	capital	controls	foreigners	funds	imposes	liquidating	long	repatriating	stop	the	their	to
I	The	diamond	hands	hog	is	my	only	squeeze	thing	to	want	with
're	've	.	I	They	been	in	nothing	special	them
.	...	404	?	AI	Are	Brain	Hm	I	Matrix	after	all	are	feeling	found	generated	get	in	intervals	nonsense	not	random	that	the	these	tweets	we
's	,	.	3	An	Ross	Wilbur	advisors	advocating	all	and	at	been	benefit	circle	closely	easy	economic	for	forever	have	he	his	i	in	is	look	more	one	people	should	that	there	they	think	this	trumps
Will	go	it	up
.	Art	Deal	Trump	War	Xi	is	of	tactics	the	using	“	”
?	But	also	have	made	millions	one	seen	that	the	you
,	.	No	Since	US	anymore	are	at	current	effectively	embargoed	goods	n't	not	raise	rate	retaliate	tariff	tariffs	that	the	they	wo
.	Isn	RMB	dollar	pegged	somewhat	t	the	to	’
?	Conservatives	President	Remember	a	farm	for	improper	it	own	peanut	sitting	though	to	was	when
(	)	,	.	?	Seems	You	assume	assumption	base	businesses/their	by	do	ignorance	intent	no	on	or	query	re	reason	rest	rhetorical	seems	small	the	they	to	valuing	whether	’
's	.	I	Yes	bought	earings	it	myself	silver	true
,	I	Russians	alright	and	do	hate	into	ll	m	saunas	super	think	’
Thank	for	support	u	ur
''	-	.	Jerome	Powell	To	``	a	ad	be	fair	inflation	is	jabroni	nauseam	total	transitory
%	,	.	15	30	ATH	SPY	a	about	ago	down	from	incorrect	is	its	level	price	roughly	with	year
'	'falling	,	--	?	US	USD	against	and	currencies	currency	denominated	dollar	falling	flat	global	if	in	is	its	market	other	question	relative	since	stock	the	to
,	Mr.	Nah	TurboTax	remembers
%	,	234	89	Peasant	dont	even	fartcoin	is	know	month	on	the	this	up	week
?	You	a	building	city	skyline
3,000	and	around	art	been	comes	country	for	from	has	of	one	the	them	war	which	wrote	years
1870	1945	French-German	a	and	between	few	generations	like	me	rivalry	seems	to	well
.	AI	Make	Wendy	You	a	about	at	before	count	drive	got	it	job	lose	s	through	to	ve	window	year	you	your	’
,	.	Australia	need	nuclear	still	submarines	we	your
'm	.	I	No	The	a	as	assuming	bunch	but	first	get	he	hearing	is	it	made	of	rich	richer	sees	the	this	was	win	wonder
,	.	And	Miran	Them	a	advisors	advocating	all	are	dollar	economic	for	has	president	the	top	two	weaker
,	.	A	America	Cartman	Kenny	Kyle	Stan	a	and	be	bullying	is	loner	loudmouth	near	nobody	to	wants	without	would
,	.	Whoops	thanks
.	If	Lock	Martha	Stewart	Trump	acceptable	enough	for	good	him	is	it	prison	then	up	was
.	Something	about	always	giggle	it	made	me
%	's	20	30	50	High	amazon	and	beta	but	high	it	portfolio	reddit	risk	unity
,	-Xi	?	New	das	phone	who
Makers	Market	So	sayeth	the
.	Exactly	I	ready	to	type	vehemently	was	what
$	(	)	ADAUSD	BTCUSD	Crypto	DOGEUSD	ETHUSD	PEPEUSD	SHIBUSD	[	]	stockbuyvest.com
%	'm	's	.	50	But	I	all	and	because	crashes	down	is	it	lithium	long	metal	of	on	other	precious	price	relative	so	some	that	them
$	1.30+	HHN	I	Orlando	Too	bad	be	dollar	drops	even	for	going	if	n't	probably	the	this	to	wo	year	£
#	$	&	(	)	,	;	BTCUSD	Cap	Charts	Coinbase	Cryptocurrency	Daily	ETHUSD	Highlights	JASMYUSD	Market	PEPEUSD	Prices	Trends	[	]	and	x200B	|
(	)	Markets	World	[	]	stockbuyvest.com
.	So	Trump	Weak	always	build	can	did	dollar	factories	first	he	in	manufacturing	n't	plan	start	the	was
%	&	'	's	've	(	)	,	-	.	10	20	25	31F	35	5	50	500	?	Any	Barista	Coast	FDLXX	FIRE	FMDGX	FSGGX	FXAIX	I	Int	P	Roth	S	SPAXX	Soon	US	and	as	at	be	blend	couple	crazy	decided	even	excl	foreign	gotten	gov't	growth	if	it	l	large	last	like	love	market	midcap	money	my	of	on	only	or	over	simplify	some	something	stocks	the	this	thoughts	to	treasury	version	would	years
#	&	.	;	Enter	It	a	analysis	as	be	chart	done	for	image	in	link	posted	technical	the	this	thread	ticker	tradingview	want	which	will	x200B	you
100k	?	HODL	So	Will	fucked	get	hands	happens	if	of	on	our	paper	rest	sell	the	us	what	who
,	.	at	do	exist	i	is	its	just	n't	not	on	party	pensions	rate	the	think	this	trump	whole	will
(	)	/	[	]	trending	up
(	)	Daily	EOD	Shorts	Updated	[	]	by
28-3	vibes
!	''	Good	``	afternoon
!	(	)	...	....	?	[	]	comes	do	emote|t5_2th52|4271	expect	here	if	img	industry	it	margin	more	papers	sells	shrink	that	toilet	what	will	you
.	Powell	Trump	after	but	concerning	definitely	going	here	is	n't	this
Eli5	please
,	.	If	It	This	a	as	bond	chess	consequences	end	goal	had	intolerable	it	losing	made	market	move	of	pivot	reversing	sense	shakedown	t	that	the	they	understand	was	wasn	were	which	you	’
.	He	belongs	but	in	jail	news	old	s	that	’
(	)	Markets	World	[	]	stockbuyvest.com
Just	dm	me
!	(	)	[	]	emote|t5_2th52|4271	img
%	(	)	,	-	-|	.	22	3306	4.34	:	Bond	Brasileiro|10.50	CROX	Capital	China	Corp|10.50	Corp|4.00	Design|12.75	ETF|9.25	Facilities	Group|23.25	HKG	Health|2.00	I	Inc|11.75	LON	META	Month	Mostly	My	No	OSCR	PBR	PLC|4.00	Ready	TSX	Technology|9.25	Treasury	US	WISE	ago	and	any	anything	are	at	bets	bonds	bought	bullish	care	defensives	dividend	due	for	have	health	held	insurance	into	low	lows	more	mostly	n't	of	oil	positions	recently	since	some	tech	the	these	to	years	yield	|	|3306	|ACGL|Arch	|CROX|Crocs	|DR	|JNBY	|Medical	|OSCR|Oscar	|PBR|Petroleo	|Petrotal	|QFIN|Qifu	|SGOV|0-3	|TAL	|Ticker|Company|Allocation|	|WISE	|Wise
,	?	I	call	cancel	forgot	funds	it	maybe	mutual	my	right	selling	the	to	was
#	$	&	(	)	,	;	BTCUSD	Cap	Charts	Coinbase	Cryptocurrency	Daily	ETHUSD	Highlights	JASMYUSD	Market	PEPEUSD	Prices	Trends	[	]	and	x200B	|
?	What	and	back	bond	comparison	higher	in	mid-Feb	mid-Jan	much	of	rising	s	significance	the	they	this	to	week	were	when	yields	’
#	's	(	)	.	China	[	]	also	any	anyway	because	does	further	high	increases	it	matter	much	n't	now	post	probably	respond	said	so	tariff	to	wo
.	I	any	back	because	could	do	he	it	n't	snap	that	them	think	time	would
,	Following	added	closely	my	them	to	watchlist
!	''	're	(	)	*	,	.	/message/compose/	:	;	?	Hi	I	If	Please	Reddit	To	[	]	``	a	action	affects	am	and	any	as	automatically	back	be	being	bot	commenting	communities	concerns	contact	edit	everyone	feel	focus	free	get	have	here	how	if	in	instead	interested	is	it	just	likely	linking	make	market	moderators	more	most	now	of	off-topic/political	on	or	our	performed	please	politics	post	questions	r/Stocks	related	relevant	removed	see	specific	stock	stockmarket	stocks	subreddit	subreddits	sure	thanks	the	this	those	to	to=/r/stocks	was	wiki	will	without	you	your
It	flat	ll	probably	stay	’
,	.	I	Miners	Silver	Too	a	and	bought	last	late	of	shit	ton	year
He	a	giant	sleeping	up	woke
.	?	Does	Since	What	all	back	been	confident	garbage	it	pick	pointless	portfolio	re	s	so	spilling	stocks	the	to	up	ve	you	your	yours	’
.	Nope
,	/	Bessent	Masterful	Mr.	gambit
's	6	April	That	a	chart	since
Plain	actually	bad	not	so	spaghetti
and	local	no	state	taxes
50	?	Cant	again	and	another	dad	for	geez	give	it	just	to	work	years	you
!	(	)	3k	Besides	I	[	]	chemistry	emote|t5_2th52|18630	emote|t5_2th52|4260	emote|t5_2th52|8883	img	in	losing	market	my	passed	test	the	today
.	Or	a	as	calls	day	he	it	love	of
?	Position
$	,	.	12	HTZZW	I	Warrant	You	a	also	around	at	believe	can	current	date	gives	is	of	price	purchase	right	sell	share	specified	that	the	till	to	valid	warrant	you
Grandma	Hi	I	Reddit	did	know	n't	on	were	you
:	China	It	The	US	able	always	be	discussion	economy…	feet	focuses	how	in	interesting	is	itself	of	on	perceived	raises	s	shooting	survive	t	tariffs	the	this	to	weakness	won	’	“	”
!	,	.	...	?	Any	Bull	Candle	He	Hey	I	Is	about	advice	any	appreciated	be	book	by	crypto	etc	friend	got	guys	introduced	just	knowledge	like	mentioning	my	of	online	or	resource	stock	terms	there	this	to	topic	trading	was	would
a	badass	name	s	that	u/wutang	’
?	Isn	It	Revelation	a	against	empires	fall	fascism	of	pretty	t	the	tracks	warning	well	’
#	&	(	)	.	;	CFTC	COT	Commission	Commitment	Commodity	Futures	The	Traders	Trading	U.S.	[	]	a	about	and	by	different	futures	in	information	is	issued	markets	of	options	positions	provides	publication	report	that	the	traders	types	weekly	x200B
's	:	?	Powell	The	What	Why	after	and	ca	do	does	fire	fired	he	him	is	it	n't	question	real	there	to	want	why	with	working
?	HK	How	hold	much
've	.	Even	Greek	What	all	apps	been	going	hyping	in	is	lmao	of	on	places	silver	they	up
.	Ha	That	funny	ha	haha	was
!	(	)	[	]	a	all	and	break	emote|t5_2th52|4271	few	go	i	img	it	kinda	let	man	na	out	rage	room	things	to	wan
how	lets	perform	pre-market	see	they
(	)	Gappers	[	]	for	stockbuyvest.com	today
!	I	bullshit	call
&	(	)	,	Analyst	Downgrades	Nasdaq	Recommendations	Stock	Upgrades	[	]	|
.	Amazon	Apple	I	Nvidia	QQQ	Tesla	and	are	be	companies	in	not	overexposed	stick	the	these	to	with	would
.	Some	enjoy	here	regardless	themselves	will
?	How	does	drop	interest	rates	this
!	''	'm	've	,	.	1	?	A	Congressional	Fed	GREAT	Given	I	IS	NOW	SEC	SELL	TIME	TO	Why	``	a	additional	agree	all	and	any	at	authority	branch	by	can	check	executive	far	from	guidance	independent	is	not	or	oversight	point	provided	reassuring	seen	steady	superfluous	sure	that	the	this	thus	we	wise	~~BUY~~	~~disloyal~~	~~treasonous~~
:	Edit	Replied	comment	to	wrong
*	.	11/5	1242.00	AUY	BABA	BP	FB	I	TSLA	at	currently	helps	hoep	more	own	plan	price	profits	range	take	the	this	to
/
%	's	(	)	,	.	70	ASML	Adobe	Biggest	Bull	GOOG	I	If	MCO	Omni	Oracle	SAM	SPGI	The	WMS	a	about	accretive	acquisitions	also	am	and	as	at	attractive	be	but	buying	cautious	channel	comes	companies	company	competing	critical	current	deal	down	drop	enterprise	environment	expanding	expands	favorite	further	growth	handle	has	implementation	implementations	in	industry	internally	into	is	it	keeping	like	little	macro	mission	money	more	my	of	opportunities	opposed	or	organic	outsources	over	overvalued	proven	put	rate	recession	record	retail	revenue	risk	see	service	software	still	systems	that	the	their	there	thesis	they	to	track	turns	valuations	which	while	win	with	would
's	,	.	As	I	It	a	able	basically	be	but	company	distributor	do	easily	exact	find	if	information	insider	is	leak	n't	on	pretty	product	said	the	them	to	unremarkable	want	what	would	you
.	No	PERIOD
(	)	Gappers	[	]	for	stockbuyvest.com	today
$	VXUS	answer	last	question	to	your
?	Tariffs	Who	coming	going	knows	or
DWAC	Whoops	confused	for	got	i	it
,	.	?	Asking	Hmmm	Interesting	a	black	congress	corrupt	court	even	for	history	in	is	law	letter	most	n't	one	our	power	reserved	rewrite	spine	supreme	that	the	to	without
's	?	He	REALLY	Right	That	Xi	ass	call	his	in	kiss	must	only	reason	right	the	to	want
.	As	He	Neither	So	Xi	as	be	call	control	could	has	he	him	in	it	its	like	likely	looks	minds	most	other	seen	the	their	to	wants	weakness
Racist
*	The	in	of	the	will
I	all	cards	goes	holds	just	ll	see	the	we	who	’
,	a	addicts	bankrupt	casino	do	financially	from	fuck	games	girls	hot	how	idiots/gambling	in	irresponsible	just	maybe	money	pour	put	some	the	then	up	watch	you
're	's	,	.	China	That	a	always	and	black	confident	essential	find	for	get	goods	how	lol	loophole	market	so	that	they	why	will	you
's	've	,	.	A	No	Treasuries	US	We	an	and	any	arbitrary	are	assets	autocracy	basically	behaviour	breaking	but	come	coming	confiscating	consequence	crazy	decide	doing	down	everyone	for	gold	have	haven	in	instead	insulting	is	law	messiah	now	of	one	or	orange	political	possible	produces	reason	recession	regime	rule	safe	seen	shifting	situation	start	tariffs	that	the	them	they	to	unpredictable	up	want	wants	were	what	whatever	when	with	without
.	Aurcana	Copper	Energy	Nevada	Silver	Trillion
&	's	(	)	,	.	A	Conversely	Corn	Crude	Euro	Futures	Gas	Gold	However	Natural	Oil	P	S	SPY	The	[	]	a	about	accurate	activity	always	an	and	as	can	decline	depends	direction	does	expect	expectations	factors	future	futures	generally	higher	how	important	in	indicate	indicates	indication	indicators	influence	investor	investors	is	it	look	lower	many	market	may	not	note	of	on	one	only	optimism	pessimism	predict	price	rise	see	sentiment	stock	stockbuyvest.com	suggest	suggesting	that	the	to	today	used	various
I	all	am	in
Art	Deal…	The	of	the
Lol	fr
?	I	Where	can	read	this
&	(	)	,	Analyst	Downgrades	Nasdaq	Recommendations	Stock	Upgrades	[	]	|
!	(	)	[	]	emote|t5_2th52|31224	img
